17th Edition Cable Sizer,2.2,1000
2019 Tricks Es File Explores,2.2,1000
AEE AP,2.2,1000
Ad Remove Plugin for App2SD,2.2,1000
BS Meter (Ad Supported),2.2,1000
CXmodel-ufo,2.2,1000
CY:ME - real time gps tracker,2.2,1000
CZ-Cyberon Voice Commander,2.2,1000
Chemin (fr),2.2,1000
D-H Pharmacy,2.2,1000
DB Tools,2.2,1000
DT-CAM,2.2,1000
DT-VR,2.2,1000
Dr. McDougall Mobile Cookbook,2.2,1000
EY GlobalOne,2.2,1000
Energenie EG-PM1W Setup Wizard,2.2,1000
FL SW Fishing Regulations,2.2,1000
Fahrschule DW,2.2,1000
Gravidez ao Vivo,2.2,1000
Interactive CT and MRI Anatomy,2.2,1000
Koch Morse Trainer Pro,2.2,1000
Learn Music Notes,2.2,1000
Math Games for Pre-K - Grade 4,2.2,1000
NDS-controller,2.2,1000
Next Launcher 3D Bold-CF Theme,2.2,1000
Next Launcher 3D Theme Hit-B,2.2,1000
Next Launcher 3D Theme Hit-G,2.2,1000
PTA Content Master,2.2,1000
Parkinson Exercices FR,2.2,1000
QUI EST CE ?,2.2,1000
Run R Script - Online Statistical Data Analysis,2.2,1000
Sabka Malik Ek Sai,2.2,1000
Sat-Fi Voice,2.2,1000
Vira.cz Widget,2.2,1000
YouCamp EU,2.2,1000
dt Pro,2.2,1000
go41cx,2.2,1000
m>notes notepad,2.2,1000
signály.cz,2.2,1000
2-Player Co-op Zombie Shoot,2.3,1000
2048(AI),2.3,1000
4 x4 Offroad SUV 3D Truck Simulator Driving 2017,2.3,1000
AE Order,2.3,1000
Aaj Bangla: ei samay er khobor,2.3,1000
"Alizay, pirate girl",2.3,1000
All Info about Cg,2.3,1000
BA Pro Financial Calculator,2.3,1000
BG+Phone Backup,2.3,1000
BK Photography,2.3,1000
BN MALLORCA Radio,2.3,1000
BW-Go,2.3,1000
Bell and Wyson Camera BW Pix +,2.3,1000
Brainf*ck Interpreter,2.3,1000
CG Patwari Exam,2.3,1000
CG Sanyukt Bharti Pariksha 2018,2.3,1000
CT Scan Viewer 3D,2.3,1000
CX-60,2.3,1000
Comunidad BH,2.3,1000
Currency Exchange DZ,2.3,1000
DB Ultra Saiyan Battle,2.3,1000
DG Mobile,2.3,1000
DIY CD Craft Ideas,2.3,1000
DIY Recycled CD Wall Art,2.3,1000
DK Readers,2.3,1000
DMC ER Now,2.3,1000
DS App Manager,2.3,1000
Depths of Betrayal CE (Full),2.3,1000
Dr. Doug's Tips,2.3,1000
Driving n Parking School 2017,2.3,1000
Dungeons and Dragons DM Tools,2.3,1000
Dy So Exam,2.3,1000
E.G. Chess,2.3,1000
EP Gem Hunter,2.3,1000
"ER Emergency Hospital - Brain, Knee, Eye Surgery",2.3,1000
EU Flag Live Wallpaper,2.3,1000
EV Finder,2.3,1000
Ex Service Taxis,2.3,1000
Florida Tides & Weather,2.3,1000
Gun AK 47,2.3,1000
Kymco AK 550,2.3,1000
Little Eye Surgery Simulator - ER Doctor Game,2.3,1000
Noticias DF,2.3,1000
PIP-Camera FN Photo Effect,2.3,1000
R Quick Reference Big Data,2.3,1000
RPG ブレイジング ソウルズ アクセレイト,2.3,1000
RoboPad,2.3,1000
Rádio DF FM,2.3,1000
"Super Resume Builder Pro, CV",2.3,1000
Texas Hold'em EV Calculator,2.3,1000
Tozer Devotional -Series 1,2.3,1000
Trinomial Factoring Wizard,2.3,1000
VMAX IP Plus Mobile Client,2.3,1000
cluster.dk,2.3,1000
iFish BC,2.3,1000
mon guide au bank populaire -infos et instructions,2.3,1000
